Handle,Title,Body (HTML),Vendor,Product Category,Type,Tags,Published,Option1 Name,Option1 Value,Variant SKU,Variant Grams,Variant Inventory Tracker,Variant Inventory Qty,Variant Inventory Policy,Variant Fulfillment Service,Variant Price,Variant Compare At Price,Variant Requires Shipping,Variant Taxable,Variant Barcode,Image Src,Image Position,Image Alt Text,Gift Card,SEO Title,SEO Description,Product Status
rajwada-arch-mirror,Rajwada Arch Mirror,"<p>A tall arched floor mirror in hand-carved sheesham, proportioned like the doorways of old palaces. Made for entryways and dressing corners that deserve a moment of ceremony.</p><p>Each frame is carved by hand, so no two arches are exactly alike — the grain, the depth of the carving, the way it catches morning light.</p>",Pitriciacle,,Mirrors,mirrors,TRUE,Title,Default Title,PIT-MIR-001,,shopify,10,deny,manual,24500,,TRUE,TRUE,,https://raw.githubusercontent.com/shinchan1907/pitriciacle-placeholders/main/placeholder-product-mirror-01.jpg,1,Rajwada Arch Mirror,FALSE,Rajwada Arch Mirror | Pitriciacle,Rajwada Arch Mirror — handcrafted luxury home decor by Pitriciacle.,active
mehtab-brass-mirror,Mehtab Brass Mirror,"<p>A round wall mirror ringed with brushed-brass inlay. Moonlight, held still.</p><p>The brass is brushed, not polished — it glows rather than glares, and deepens beautifully with age. Hangs flush; hardware included.</p>",Pitriciacle,,Mirrors,mirrors,TRUE,Title,Default Title,PIT-MIR-002,,shopify,10,deny,manual,12800,,TRUE,TRUE,,https://raw.githubusercontent.com/shinchan1907/pitriciacle-placeholders/main/placeholder-product-mirror-02.jpg,1,Mehtab Brass Mirror,FALSE,Mehtab Brass Mirror | Pitriciacle,Mehtab Brass Mirror — handcrafted luxury home decor by Pitriciacle.,active
jharokha-window-mirror,Jharokha Window Mirror,"<p>Arched jharokha panels in honey mango wood frame a generous mirror. A window that happens to reflect.</p><p>Inspired by the overhanging balconies of Rajasthan, scaled for modern walls — equally at home above a console or leaning in a bedroom corner.</p>",Pitriciacle,,Mirrors,mirrors,TRUE,Title,Default Title,PIT-MIR-003,,shopify,10,deny,manual,18200,,TRUE,TRUE,,https://raw.githubusercontent.com/shinchan1907/pitriciacle-placeholders/main/placeholder-product-mirror-03.jpg,1,Jharokha Window Mirror,FALSE,Jharokha Window Mirror | Pitriciacle,Jharokha Window Mirror — handcrafted luxury home decor by Pitriciacle.,active
diwan-table-lamp,Diwan Table Lamp,"<p>A brushed-brass dome lamp with a warm, low glow. Evenings, softened.</p><p>The dome directs light downward in a pool — made for side tables, reading chairs, and the hour after dinner when the house goes quiet.</p>",Pitriciacle,,Lighting,lighting,TRUE,Title,Default Title,PIT-LIG-004,,shopify,10,deny,manual,8900,,TRUE,TRUE,,https://raw.githubusercontent.com/shinchan1907/pitriciacle-placeholders/main/placeholder-product-lamp-01.jpg,1,Diwan Table Lamp,FALSE,Diwan Table Lamp | Pitriciacle,Diwan Table Lamp — handcrafted luxury home decor by Pitriciacle.,active
amber-pendant-light,Amber Pendant Light,"<p>Hand-blown amber glass on brass fittings. Pours honeyed light over dining tables.</p><p>Each shade is mouth-blown, so the amber varies subtly from piece to piece. Hang solo over a nook or in a row of three over a long table.</p>",Pitriciacle,,Lighting,lighting,TRUE,Title,Default Title,PIT-LIG-005,,shopify,10,deny,manual,14500,,TRUE,TRUE,,https://raw.githubusercontent.com/shinchan1907/pitriciacle-placeholders/main/placeholder-product-lamp-02.jpg,1,Amber Pendant Light,FALSE,Amber Pendant Light | Pitriciacle,Amber Pendant Light — handcrafted luxury home decor by Pitriciacle.,active
noor-floor-lamp,Noor Floor Lamp,"<p>A tall brushed-brass arc with an ivory linen drum shade. A pillar of light for reading corners.</p><p>The arc reaches over armchairs without crowding them; the linen shade diffuses light to a soft, even warmth. Dimmable.</p>",Pitriciacle,,Lighting,lighting,TRUE,Title,Default Title,PIT-LIG-006,,shopify,10,deny,manual,27000,,TRUE,TRUE,,https://raw.githubusercontent.com/shinchan1907/pitriciacle-placeholders/main/placeholder-product-lamp-03.jpg,1,Noor Floor Lamp,FALSE,Noor Floor Lamp | Pitriciacle,Noor Floor Lamp — handcrafted luxury home decor by Pitriciacle.,active
gulnar-wool-rug,Gulnar Wool Rug,"<p>Hand-knotted New Zealand wool in muted rose and sage. A traditional motif, quieted down.</p><p>Knot by knot, on a handloom — the kind of rug that anchors a room for decades. Naturally lanolin-rich wool, soft underfoot and easy to live with.</p>",Pitriciacle,,Rugs & Runners,rugs-runners,TRUE,Title,Default Title,PIT-RUG-007,,shopify,10,deny,manual,32000,,TRUE,TRUE,,https://raw.githubusercontent.com/shinchan1907/pitriciacle-placeholders/main/placeholder-product-rug-01.jpg,1,Gulnar Wool Rug,FALSE,Gulnar Wool Rug | Pitriciacle,Gulnar Wool Rug — handcrafted luxury home decor by Pitriciacle.,active
sahil-cotton-runner,Sahil Cotton Runner,"<p>Handloom cotton in sand and ivory stripes. Made for hallways that deserve better.</p><p>Light, washable, and quietly elegant — the runner that makes a corridor feel considered rather than passed-through.</p>",Pitriciacle,,Rugs & Runners,rugs-runners,TRUE,Title,Default Title,PIT-RUG-008,,shopify,10,deny,manual,6400,,TRUE,TRUE,,https://raw.githubusercontent.com/shinchan1907/pitriciacle-placeholders/main/placeholder-product-rug-02.jpg,1,Sahil Cotton Runner,FALSE,Sahil Cotton Runner | Pitriciacle,Sahil Cotton Runner — handcrafted luxury home decor by Pitriciacle.,active
zarina-jute-rug,Zarina Jute Rug,"<p>Hand-braided round jute. Honest texture underfoot.</p><p>Chunky braided jute in a generous round — grounds coffee tables, softens stone floors, and asks for nothing except bare feet.</p>",Pitriciacle,,Rugs & Runners,rugs-runners,TRUE,Title,Default Title,PIT-RUG-009,,shopify,10,deny,manual,4200,,TRUE,TRUE,,https://raw.githubusercontent.com/shinchan1907/pitriciacle-placeholders/main/placeholder-product-rug-03.jpg,1,Zarina Jute Rug,FALSE,Zarina Jute Rug | Pitriciacle,Zarina Jute Rug — handcrafted luxury home decor by Pitriciacle.,active
kansa-serving-bowl,Kansa Serving Bowl,"<p>Hand-beaten bronze (kansa) — the alloy Indian kitchens have trusted for centuries.</p><p>Each bowl is beaten by hand, giving it a softly hammered surface that catches light beautifully. Food-safe, heirloom-grade, and better with every year.</p>",Pitriciacle,,Metal Objects,metal-objects,TRUE,Title,Default Title,PIT-MET-010,,shopify,10,deny,manual,3800,,TRUE,TRUE,,https://raw.githubusercontent.com/shinchan1907/pitriciacle-placeholders/main/placeholder-product-metal-01.jpg,1,Kansa Serving Bowl,FALSE,Kansa Serving Bowl | Pitriciacle,Kansa Serving Bowl — handcrafted luxury home decor by Pitriciacle.,active
peetal-urli-duo,Peetal Urli Duo,"<p>A pair of hand-spun brass urlis. Float flowers and candles; watch the room change.</p><p>Two sizes, one perfect pair — for entryways, festive tables, and quiet evenings. The brass takes on a rich patina with use.</p>",Pitriciacle,,Metal Objects,metal-objects,TRUE,Title,Default Title,PIT-MET-011,,shopify,10,deny,manual,9600,,TRUE,TRUE,,https://raw.githubusercontent.com/shinchan1907/pitriciacle-placeholders/main/placeholder-product-metal-02.jpg,1,Peetal Urli Duo,FALSE,Peetal Urli Duo | Pitriciacle,Peetal Urli Duo — handcrafted luxury home decor by Pitriciacle.,active
tamba-carafe-set,Tamba Carafe Set,"<p>Hammered copper carafe with two glasses. Water, served beautifully.</p><p>Hand-hammered tamba with a warm, living finish. The classic bedside set, made properly — carafe, two tumblers, endless refills.</p>",Pitriciacle,,Metal Objects,metal-objects,TRUE,Title,Default Title,PIT-MET-012,,shopify,10,deny,manual,5400,,TRUE,TRUE,,https://raw.githubusercontent.com/shinchan1907/pitriciacle-placeholders/main/placeholder-product-metal-03.jpg,1,Tamba Carafe Set,FALSE,Tamba Carafe Set | Pitriciacle,Tamba Carafe Set — handcrafted luxury home decor by Pitriciacle.,active
